<?xml version="1.0" encoding="utf-8"?>
<extension version="1.7" type="plugin" group="system" method="update">
  <name>PLG_SYSTEM_SUNSTAT</name>
  <author>Vitaliy Zhukov</author>
  <creationDate>December 2014</creationDate>
  <authorEmail>info@aunited.ru</authorEmail>
  <authorUrl>http://aunited.ru</authorUrl>
  <version>0.6</version>
  <copyright>Copyright (c) 2014 AUnuted. All rights reserved.</copyright>
  <license>http://www.gnu.org/copyleft/gpl.html GNU/GPL</license>
  <description>PLG_SUNSTAT_XML_DESCRIPTION</description>
  <files>
	<folder>language</folder>
    <filename plugin="SunStat">SunStat.php</filename>
    <filename>index.html</filename>
  </files>
  <languages>
        <language tag="en-GB">language/en-GB/en-GB.plg_system_SunStat.ini</language>
        <language tag="en-GB">language/en-GB/en-GB.plg_system_SunStat.sys.ini</language>
		<language tag="ru-RU">language/ru-RU/ru-RU.plg_system_SunStat.ini</language>
        <language tag="ru-RU">language/ru-RU/ru-RU.plg_system_SunStat.sys.ini</language>
    </languages>
  <config>
    <fields name="params" >
      <fieldset name="Basic">
		<field name="ym_enabled" type="radio" class="btn-group btn-group-yesno" default="0" label="PLG_SYS_SS_YM_ENABLED" description="PLG_SYS_SS_ENABLED_DESC">
              <option value="0">JNo</option>
              <option value="1">JYes</option>
		</field> 
		<field name="ym_noindexWrapper" type="radio" class="btn-group btn-group-yesno" default="1" label="PLG_SYS_SS_YM_NOINDEX_WRAPPER" description="PLG_SYS_SS_NOINDEX_WRAPPER_DESC">
              <option value="0">JNo</option>
              <option value="1">JYes</option>
        </field>
		<field name="mr_enabled" type="radio" class="btn-group btn-group-yesno" default="0" label="PLG_SYS_SS_MR_ENABLED" description="PLG_SYS_SS_ENABLED_DESC">
              <option value="0">JNo</option>
              <option value="1">JYes</option>
		</field> 
		<field name="mr_noindexWrapper" type="radio" class="btn-group btn-group-yesno" default="1" label="PLG_SYS_SS_MR_NOINDEX_WRAPPER" description="PLG_SYS_SS_NOINDEX_WRAPPER_DESC">
              <option value="0">JNo</option>
              <option value="1">JYes</option>
        </field>
		<field name="li_enabled" type="radio" class="btn-group btn-group-yesno" default="0" label="PLG_SYS_SS_LI_ENABLED" description="PLG_SYS_SS_ENABLED_DESC">
              <option value="0">JNo</option>
              <option value="1">JYes</option>
		</field> 
		<field name="li_noindexWrapper" type="radio" class="btn-group btn-group-yesno" default="1" label="PLG_SYS_SS_LI_NOINDEX_WRAPPER" description="PLG_SYS_SS_NOINDEX_WRAPPER_DESC">
              <option value="0">JNo</option>
              <option value="1">JYes</option>
        </field>		
		<field name="ga_enabled" type="radio" class="btn-group btn-group-yesno" default="0" label="PLG_SYS_SS_GA_ENABLED" description="PLG_SYS_SS_ENABLED_DESC">
              <option value="0">JNo</option>
              <option value="1">JYes</option>
		</field> 
		<field name="ga_noindexWrapper" type="radio" class="btn-group btn-group-yesno" default="1" label="PLG_SYS_SS_GA_NOINDEX_WRAPPER" description="PLG_SYS_SS_NOINDEX_WRAPPER_DESC">
              <option value="0">JNo</option>
              <option value="1">JYes</option>
        </field>
		<field name="pwk_enabled" type="radio" class="btn-group btn-group-yesno" default="0" label="PLG_SYS_SS_PWK_ENABLED" description="PLG_SYS_SS_ENABLED_DESC">
              <option value="0">JNo</option>
              <option value="1">JYes</option>
		</field> 
		<field name="pwk_noindexWrapper" type="radio" class="btn-group btn-group-yesno" default="1" label="PLG_SYS_SS_PWK_NOINDEX_WRAPPER" description="PLG_SYS_SS_NOINDEX_WRAPPER_DESC">
              <option value="0">JNo</option>
              <option value="1">JYes</option>
        </field>
		<field name="hl_enabled" type="radio" class="btn-group btn-group-yesno" default="0" label="PLG_SYS_SS_HL_ENABLED" description="PLG_SYS_SS_ENABLED_DESC">
              <option value="0">JNo</option>
              <option value="1">JYes</option>
		</field> 
		<field name="hl_noindexWrapper" type="radio" class="btn-group btn-group-yesno" default="1" label="PLG_SYS_SS_HL_NOINDEX_WRAPPER" description="PLG_SYS_SS_NOINDEX_WRAPPER_DESC">
              <option value="0">JNo</option>
              <option value="1">JYes</option>
        </field>
		<field name="rr_enabled" type="radio" class="btn-group btn-group-yesno" default="0" label="PLG_SYS_SS_RR_ENABLED" description="PLG_SYS_SS_ENABLED_DESC">
              <option value="0">JNo</option>
              <option value="1">JYes</option>
		</field> 
		<field name="rr_noindexWrapper" type="radio" class="btn-group btn-group-yesno" default="1" label="PLG_SYS_SS_HL_NOINDEX_WRAPPER" description="PLG_SYS_SS_NOINDEX_WRAPPER_DESC">
              <option value="0">JNo</option>
              <option value="1">JYes</option>
        </field>
      </fieldset>
	  
	<fieldset name="PLG_SYSTEM_SUNSTAT_GA">
	  <field name="ga_legacy" type="radio" class="btn-group btn-group-yesno" default="0" label="PLG_SYS_SS_GA_LEGACY" description="PLG_SYS_SS_GA_LEGACY_DESC">
            <option value="0">JNo</option>
            <option value="1">JYes</option>
      </field>
	  <field name="ga_id" type="text" default="XXXXXXXXXX" label="PLG_SYS_SS_GA_ID" description="PLG_SYS_SS_GA_ID_DESC"></field>
	  <field name="ga_domain" type="text" default="example.com" label="PLG_SYS_SS_GA_DOMAIN" description="PLG_SYS_SS_GA_DOMAIN_DESC"></field>
	  <field name="ga_demographic" type="radio" class="btn-group btn-group-yesno" default="0" label="PLG_SYS_SS_GA_DEMOGRAPHIC" description="PLG_SYS_SS_GA_DEMOGRAPHIC_DESC">
            <option value="0">JNo</option>
            <option value="1">JYes</option>
      </field>
	  <field name="ga_extattrib" type="radio" class="btn-group btn-group-yesno" default="0" label="PLG_SYS_SS_GA_EXTATTRIB" description="PLG_SYS_SS_GA_EXTATTRIB_DESC">
            <option value="0">JNo</option>
            <option value="1">JYes</option>
      </field>
	  <field name="ga_uid" type="radio" class="btn-group btn-group-yesno" default="0" label="PLG_SYS_SS_GA_UID" description="PLG_SYS_SS_GA_UID_DESC">
            <option value="0">JNo</option>
            <option value="1">JYes</option>
      </field>

		</fieldset>
		
	<fieldset name="PLG_SYSTEM_SUNSTAT_YM">
	  <field name="ym_id" type="text" default="XXXXXXXXXX" label="PLG_SYS_SS_YM_ID" description="PLG_SYS_SS_YM_ID_DESC"></field>
	  <field name="ym_webvisor" type="radio" class="btn-group btn-group-yesno" default="1" label="PLG_SYS_SS_YM_WEBVISOR" description="PLG_SYS_SS_YM_WEBVISOR_DESC">
			<option value="0">JNo</option>
			<option value="1">JYes</option>
		</field>
		<field name="ym_yaParams" type="text" default="" label="PLG_SYS_SS_YM_PARAMS" description="PLG_SYS_SS_YM_PARAMS_DESC"></field>
		<field name="ym_clickMap" type="radio" class="btn-group btn-group-yesno" default="1" label="PLG_SYS_SS_YM_CLICKMAP" description="PLG_SYS_SS_YM_CLICKMAP_DESC">
			<option value="0">JNo</option>
			<option value="1">JYes</option>
		</field>
		<field name="ym_trackHash" type="radio" class="btn-group btn-group-yesno" default="0" label="PLG_SYS_SS_YM_TRACKHASH" description="PLG_SYS_SS_YM_TRACKHASH_DESC">
			<option value="0">JNo</option>
			<option value="1">JYes</option>
		</field>
		<field name="ym_noIndex" type="radio" class="btn-group btn-group-yesno" default="0" label="PLG_SYS_SS_YM_NOINDEX" description="PLG_SYS_SS_YM_NOINDEX_DESC">
            <option value="0">JNo</option>
            <option value="1">JYes</option>
        </field>
        <field name="ym_linksOut" type="radio" class="btn-group btn-group-yesno" default="1" label="PLG_SYS_SS_YM_OUTLINKS" description="PLG_SYS_SS_YM_OUTLINKS_DESC">
            <option value="0">JNo</option>
            <option value="1">JYes</option>
        </field>
        <field name="ym_accurateTrackBounce" type="radio" class="btn-group btn-group-yesno" default="1" label="PLG_SYS_SS_YM_BOUNCE" description="PLG_SYS_SS_YM_BOUNCE_DESC">
            <option value="0">JNo</option>
            <option value="1">JYes</option>
        </field>
		</fieldset>
		
	<fieldset name="PLG_SYSTEM_SUNSTAT_MR">
		<field name="mr_id" type="text" default="XXXXXXXXXX" label="PLG_SYS_SS_MR_ID" description="PLG_SYS_SS_MR_ID_DESC"></field>
		</fieldset>
		
	<fieldset name="PLG_SYSTEM_SUNSTAT_PWK">
	  <field name="pwk_subdomains" type="radio" class="btn-group btn-group-yesno" default="1" label="PLG_SYS_SS_PWK_SUBDOMAINS" description="PLG_SYS_SS_PWK_SUBDOMAINS_DESC">
			<option value="0">JNo</option>
			<option value="1">JYes</option>
		</field>
		<field name="pwk_addDomain" type="radio" class="btn-group btn-group-yesno" default="1" label="PLG_SYS_SS_PWK_ADDDOMAIN" description="PLG_SYS_SS_PWK_ADDDOMAIN_DESC">
			<option value="0">JNo</option>
			<option value="1">JYes</option>
		</field>
		<field name="pwk_linksOut" type="radio" class="btn-group btn-group-yesno" default="1" label="PLG_SYS_SS_PWK_OUTLINKS" description="PLG_SYS_SS_PWK_OUTLINKS_DESC">
            <option value="0">JNo</option>
            <option value="1">JYes</option>
        </field>
		<field name="pwk_domain" type="text" default="example.com" label="PLG_SYS_SS_PWK_DOMAIN" description="PLG_SYS_SS_PWK_DOMAIN_DESC">
		</field>
        <field name="pwk_address" type="text" default="example.com" label="PLG_SYS_SS_PWK_ADDRESS" description="PLG_SYS_SS_PWK_ADDRESS_DESC">
        </field>
		</fieldset>
		
	<fieldset name="PLG_SYSTEM_SUNSTAT_HL">
		<field name="hl_id" type="text" default="XXXXXXXXXX" label="PLG_SYS_SS_HL_ID" description="PLG_SYS_SS_HL_ID_DESC"></field>
		</fieldset>
		
	<fieldset name="PLG_SYSTEM_SUNSTAT_RR">
		<field name="rr_id" type="text" default="XXXXXXXXXX" label="PLG_SYS_SS_RR_ID" description="PLG_SYS_SS_RR_ID_DESC"></field>
		</fieldset>
	
    </fields>
  </config>
    <updateservers>
        <server type="extension" priority="1" name="SunStat"><![CDATA[http://help.aunited.ru/sunstat/update/SunStat-update.xml]]></server>
    </updateservers>
</extension>
